file	grid	image_id	name	variant	source
CROSS.png	A1	01	CROSS	before	Screenshot 2026-08-31 at 2.16.50 PM.png
FOLEY.png	A4	02	FOLEY	current	Screenshot 2026-08-31 at 1.30.36 PM.png
MUSTAINE.png	A6	03	MUSTAINE	current	Screenshot 2026-08-31 at 1.31.05 PM.png
LETTERMAN.png	B2	04	LETTERMAN	current	Screenshot 2026-08-31 at 1.31.17 PM.png
BOWIE.png	B3	05	BOWIE	before	Screenshot 2026-08-31 at 1.32.05 PM.png
DLR.png	B5	06	DLR	before	Screenshot 2026-08-31 at 1.32.22 PM.png
2001.png	C2	07	2001	current	Screenshot 2026-08-31 at 1.32.45 PM.png
COULIER.png	C3	08	COULIER	before	Screenshot 2026-08-31 at 1.33.43 PM.png
GAHAN.png	C5	09	GAHAN	before	Screenshot 2026-08-31 at 1.35.18 PM.png
THOMAS.png	D1	10	THOMAS	before	Screenshot 2026-08-31 at 1.35.56 PM.png
WENDYS.png	D3	11	WENDYS	before	Screenshot 2026-08-31 at 1.36.30 PM.png
MURRAY.png	E2	13	MURRAY	current	Screenshot 2026-08-31 at 1.37.36 PM.png
HASSELHOFF.png	E3	14	HASSELHOFF	before	Screenshot 2026-08-31 at 1.38.18 PM.png
THEWLIS.png	E6	15	THEWLIS	current	Screenshot 2026-08-31 at 1.38.49 PM.png
DUCHOVNY.png	F1	16	DUCHOVNY	before	Screenshot 2026-08-31 at 1.39.53 PM.png
LYNCH.png	F4	17	LYNCH	current	Screenshot 2026-08-31 at 1.41.07 PM.png
JONES.png	F5	18	JONES	before	Screenshot 2026-08-31 at 1.42.43 PM.png
PIRATES.png	G1	19	PIRATES	before	Screenshot 2026-08-31 at 1.43.36 PM.png
VANIAN.png	G4	20	VANIAN	current	Screenshot 2026-08-31 at 1.46.45 PM.png
BYRNE.png	G6	21	BYRNE	current	Screenshot 2026-08-31 at 1.48.15 PM.png
DAVIES.png	H1	22	DAVIES	before	Screenshot 2026-08-31 at 1.48.32 PM.png
MICHAELANGELO.png	H5	24	MICHAELANGELO	before	Screenshot 2026-08-31 at 1.51.10 PM.png
GNOME.png	I1	25	GNOME	before	Screenshot 2026-08-31 at 1.51.47 PM.png
SUPER.png	I3	26	SUPER	before	Screenshot 2026-08-31 at 1.53.07 PM.png
IKNOW.png	J1	28	IKNOW	before	Screenshot 2026-08-31 at 1.57.29 PM.png
RUFFIN.png	J5	30	RUFFIN	before	Screenshot 2026-08-31 at 2.31.35 PM.png
GRIER.png	K1	31	GRIER	before	Screenshot 2026-08-31 at 2.35.17 PM.png
KEITH.png	K3	32	KEITH	before	Screenshot 2026-08-31 at 2.36.45 PM.png
THOMPSON.png	K5	33	THOMPSON	before	Screenshot 2026-08-31 at 2.37.32 PM.png
WALKER.png	L1	34	WALKER	before	Screenshot 2026-08-31 at 2.40.55 PM.png
ATTENBOROUGH.png	EXTRA	--	ATTENBOROUGH	current	Screenshot 2026-08-31 at 3.19.34 PM.png
